=?windows-1252?Q?The_Black_Friday_deal_you=92ve_been_waiting_for.?=,0
"=?UTF-8?B?8J+UpQ==?=Avoid the store AND weight gain with Nutrisystem - Buy one month, get one free!=?UTF-8?B?8J+UpQ==?=",1
=?windows-1252?Q?Play_Modern_Warfare=AE_2_Campaign_Remastered=2C_R?=,0
=?UTF-8?B?8J+PoQ==?= SAVE 10% on gutter guards for fall!=?UTF-8?B?8J+PoQ==?=,1
This Tasty Dieting Requires No Running Jogging or Even Biking [JBICFH:4302175]RBES,1
=?UTF-8?B?4pyLIEhpZ2gtZml2ZSEgTmV3IHBvaW50cyBhcmUgd2FpdGluZy4=?=,1
Your Google Account was recovered successfully,0
200% Welcome Bonus up to $2000  ,0
YourComplimentarySavingsHandbookIsNowAvailable... [WTHIO 065483] yjunmxc,1
Leave your feedback and get a Costco GiftCard [NCZJO:LSQBA],1
Get it First! The New Companion App,0
24Problem SolvingGadgets You Need [19435:ID OXWHKEZYTA],1
"Beep, beep! Here are 50 points.",0
Countdown to Black Ops Cold War!,0
The Wait is Over for Black Ops Cold War!,0
Make Better Resolutions This Year,0
Platypus party and 50 points,0
An Epic Campaign. Now Remastered.,0
CVS reward - Open immediately! [16792:veiwy],1
"All Rewards should be this effortless, Secondary Username!",0
=?UTF-8?B?Q2hlY2sgb3V0IEluZmluaXRlIFdhcmZhcmXigJlzIERlY2VtYmVy?=,1
Improvements to our Privacy Policy and Privacy Controls,0
=?UTF-8?Q?=F0=9F=8E=84_'Tis_the_season_for_50_points?=,0
Review blocked sign-in attempt,0
"=?UTF-8?Q?=F0=9F=98=8A_Rewards_member,_open_ASAP!_You're_being_rewarded?=",0
 'From: To: Reply-To: Message-Id: List-Unsubscribe: Date:,0
=?utf-8?q?Proof_you=E2=80=99re_not_alone?=,1
Big Changes Are Coming to Obamacare in 2020 [45169lzdbw],1
=?UTF-8?B?SXTigJlzIG91ciBmYXZvcml0ZSBtb250aCwgU3RyYWl0Qm9vdDk2MjQh?=,1
=?UTF-8?B?4p2k77iP?= Lonely Asian Girls Looking for Boyfriends=?UTF-8?B?8J+NjA==?=,1
Security alert,0
Security alert,0
Bonus round! 500 free points await you >,0
Congratulations! You've Registered for Paladins Console Closed Beta!,0
=?windows-1252?Q?MW_Crossplay=92s_Open=2C_Tips_and_Tricks_to_Succe?=,1
BLACK OPS 4 REVEALED! Everything We Know,0
BestWiFiBoosterOnTheMarketNow50%OFF [bhzns:IJORU] 85701,0
Last Chance: Save 25% off the Founder's Pack!,0
19 BrilliantProblemSolvingHolidayGiftsYouShould GetYourLovedOnes [YHPYZW],1
please take a look,1
Your Order From Company - #XXXXXXXX - Placed on Jul XX 20XX,0
What will YOUR 2017 Star Rank be?,0
"When society falls, we rise",0
New sign-in from Chrome OS,0
"Important information about your Xbox Live Rewards membership,",0
This Week: All About the WWII Private Beta,0
Get rewarded for hot new games,0
Stuff Your Stocking: Black Ops 4 On Sale,0
=?UTF-8?B?8J+Siw==?=Username Better Sex with This =?UTF-8?B?8J+Siw==?=,1
=?windows-1252?Q?Modern_Warfare=92s_FREE_OPEN_Beta_ENDING!?=,0
=?UTF-8?B?8J+SkQ==?=  Have you been injured by the heartburn medication Zantac?=?UTF-8?B?8J+nkeKAjeKale+4jw==?=,1
Unsubscribe [3982552-3_day_trial@a3],1
Spread Some Holiday Cheer With Infinite Warfare,0
Watch the Call of Duty: Infinite Warfare Reveal Trailer,0
Subject:Check Your Account Royal Ace ?û???Å?û???Å PENDING (PAYOUT),1
"REMINDER: All Xbox Live Rewards offers are ending soon,",0
New Gear Available - Watch the Trailer,0
Learn From the Best in the Call of Duty World League MLG Anaheim Open,0
Here's an update on your Rewards,0
"Kilts, bagpipes, and 50 points",0
=?UTF-8?B?4p2k77iP?= Meet Hottest Asian Beauties=?UTF-8?B?8J+NjA==?=,1
You served our country. Let us serve you. [NZMTA 968201] uvomhbr,1
GeniusNewTechSlashesYourElectricBill [YKO:ID_q0g],1
Get Ready: Modern Warfare Crossplay news,0
"Fairytales, myths, and 50 points",0
Changes to YouTube's Terms of Service,0
Security alert,0
Security alert,0
PokeHeroes: Easter Egg Hunt!,0
We're baking up points all season,0
Here's an update on your Rewards,0
Play New Maps in Black Ops 3,0
We're shelling out 125 points,0
Your Order From Company - #XXXXXXXX - Placed on Apr XX 20XX,0
The quick way to compare and buy life insurance [KMTBV 178249],1
=?UTF-8?B?8J+Siw==?= Better Sex with This,1
TORN - Email validation and welcome from George,0
New sign-in from Safari on Mac,0
=?windows-1252?Q?It=92s_FREE!_What_Are_You_Waiting_For=3F!?=,1
Diabetes Discovery Leaves Doctors Speechless [falst:ID_EOR],1
You have authorized Company to access your account information,0
=?UTF-8?B?8J+QhSBTaW5rIHlvdXIgdGVldGggaW50byB0aGVzZSBwb2ludHM=?=,1
"Black cats, broken mirrors, and 50 points",0
=?UTF-8?Q?=F0=9F=8F=93_Game._Set._50_points.?=,0
PokeHeroes: The Lunar Pokemon Cresselia appears!,0
Learn from the Best. Watch the CWL NA Stage 1 Finals This Weekend,0
Battle.net Account Verification,0
Battle.net Account Verification,0
Watch New Black Market Loot in Action,0
Happy Holidays from Call of Duty,0
=?UTF-8?B?8J+Siw==?=Username Better Sex with This =?UTF-8?B?8J+Siw==?=,1
New sign-in from Phone,0
Help us keep your Account safe with a security check,0
"(1) Last reminder: please respond immediately, User ID: #564439",1
Security alert,0
 ?ƒÆ?Walmart?« - We've been trying to reach you several times ?ƒÄü! Confirm ASAP?£ö__,1
Download New DLC2 Map Pack Today,0
SaveMoneyand BuyLess NewBatteries [ZOAMD:GEMQN],1
Get Double XP This Weekend in Black Ops 3,0
Security alert for your linked Google account,0
Paladins Console Wars at Dreamhack Valencia,0
Security alert,0
=?UTF-8?Q?=E2=9C=85_Name=2C_finish_setting_up_your_Phone?=,0
A deal worthy of a celebration,0
=?UTF-8?Q?=F0=9F=8E=BA_Turn_it_up=E2=80=94here_are_50_points?=,0
=?UTF-8?B?SXTigJlzIHRoZSBZZWFyIG9mIFJld2FyZHMsIFN0cmFpdEJvb3Q5NjI0?=,0
=?UTF-8?Q?=F0=9F=8C=8A_We_sea_50_points_ahead?=,0
The Ultimate Call of Duty Experience,0
"Are you ready to earn, Secondary Username?",0
Battle.net Account Verification,0
"A new look, AND new Rewards, Secondary Username!",0
Special?Ç£Oil?Ç¥Drops1-2lbsOfFatADay [EDXQWA:0319675]FRDH,1
"Have you fallen for anime yet, Secondary Username?",0
=?UTF-8?B?8J+Siw==?=Username Better Sex with This =?UTF-8?B?8J+Siw==?=,1
Updates to our terms of use,0
Help us raise 500M points for Special Olympics,0
Welcome to 7 Cups!,0
Watch the Infinite Warfare Live Action Trailer,0
Nintendo 2DS - Purchases & Downloads - Accidental purchase or download [Incident: XXXXXXX-XXXXXXX],0
2 Games in 1: Modern Warfare Remastered + Infinite Warfare,0
Subject:?ƒÄèCongrats You have been selected to Get ?ƒÆ?750 To Your Cash App?« Account ?ƒÆ? (Participation Required),1
Archive of Google data requested,0
=?UTF-8?Q?=F0=9F=93=9A_Pop_quiz_for_50_points?=,0
=?UTF-8?B?R2V0IGVnZ2NpdGVk4oCUaGVyZSBhcmUgNTAgcG9pbnRz?=,1
Watch the NEW Modern Warfare Campaign Trailer,0
"=?UTF-8?Q?=F0=9F=8E=89_We're_celebrating_278,238,000?=",1
=?UTF-8?B?8J+MtSBHZXQgdGhlc2UgNTAgcHJpY2tseSBwb2ludHM=?=,1
=?UTF-8?B?8J+YjiBTd2VldCBzdW1tZXJ0aW1lIHBvaW50cw==?=,1
Multiply the love,1
Fix time by April 19,0
"Get the Terminal Bonus Map + Watch the ""Black Sky"" Campaign Gameplay",0
=?UTF-8?Q?PokeHeroes:_New_Pok=C3=A9mon_from_Alola!?=,0
Blizzard Entertainment Hacks/Piracy Report,0
Donate points to Code.org. We'll double 'em.,0
20+GadgetsYourFriendsWantForChristmasButDontKnowItYet [XMB:ID_Z67],1
Beta EARLY ACCESS is LIVE!,0
unsubscribe;LExMTGwczLRsTJwMDIzMbLRGtMzMzIwMTKzs,1
"Do you love Star Wars, Secondary Username?",0
Security alert,0
You have authorized HSReplay.net to access your account information,0
unsubscribe,0
Watch the Modern Warfare Beta trailer!,0
New sign-in from Chrome OS,0
Security alert,0
Critical security alert,0
FreeGoldAndSilverIRAGuide [BNFUPH:2958467]SYRC,1
Welcome to Fabletop!,0
", Get Your Lifetime Black Ops Stats",0
Gobble up these fresh points,0
=?UTF-8?B?SXTigJlzIENvbWluZywgaXJvbi4gQXJlIFlvdSBSZWFkeT8=?=,1
PokeHeroes: We're missing you!,0
=?UTF-8?Q?Changes_to_YouTube=E2=80=99s_Terms_of_Service?=,0
Warzone: FREE TO PLAY March 10. Are You?,0
=?windows-1252?Q?Welcome_to_Call_of_Duty=AE:_Black_Ops_Cold_War?=,0
Last chance Get ?ƒÆ?750 To Your CashApp?« Account ?ƒÆ? (Participation Required),1
Xbox perks with Microsoft Rewards,0
Bonus round! 500 free points await you >,0
Unsubscribe [3982552-24hrs_after_reg_upgrade_email@a3],0
=?UTF-8?Q?=F0=9F=8D=82__Fall_into_50_points?=,0
AnnualEnrollmentEndsSoon.ReviewYourOptionsNow [HAXFRQ:3460728]FTDC,1
Get back in the game,0
$378.92 For 6 Mo (Username)..OF....Auto..-.....Insurance....! Check if You QuaIify!!....,1
Important changes to your Xbox Live Rewards membership,0
SeniorSavings2020 [ty:ewxn8]ONBXJLA,1
Treat Yourself To Infinite Warfare,0
Get Your Free Info Kit Now! [WBAHQ HCJZD] WSGYJ,1
"=?utf-8?Q?It=E2=80=99s_raining_Rewards,_Secondary Username!?=",0
Unsubscribe [3982552-nl_treasure_hunt_2014@a3],0
=?UTF-8?B?VG9wIDUgVGhpbmdzIHRvIERvIGluIFRoaXMgWWVhcuKAmXMgWm9t?=,1
Resolve 1 security issue found on your Google account,0
"50 points, compliments of Uncle Sam",0
NeverDrop InternetConnection EverAgain [VGYBZO:0758419]BJXD,1
Security alert,0
New sign-in from Chrome OS,0
Doctor Begs:Do not ignore leakyGut [TYNFQS],1
Battle.net Account Email Verification - Action Required,0
Survey invite from Call Of Duty,0
Get Double XP This Weekend in Black Ops 3,0
confirmation,0
Earn Rewards With Black Market Contracts,0
Here's an update on your Rewards,0
"Ready to brighten your day, Secondary Username?",0
Introducing the Call of Duty League!,0
"Name, got a new device? Review sign-in from Microsoft Edge on Windows",0
New sign-in from Chrome OS,0
=?UTF-8?B?V2F0Y2ggTW9kZXJuIFdhcmZhcmU6IFJlbWFzdGVyZWTigJlzIA==?=,1
Security alert,0
The Countdown to Modern Warfare Has Begun,0
Congratulations! Welcome to the Paladins Console Closed Alpha!,0
=?UTF-8?Q?Tree-mendous_points_=F0=9F=8C=B2?=,0
", Watch Black Ops: Your Legacy",0
$378.92 For 6 Mo ?Ç¥.Username..?Ç¥Of.Auto..._ .Insurance_...See if You QuaIify,0
New sign-in from Chrome OS,0
Security alert for your linked Google account,0
Battle.net Account Verification,0
"?¢ö Last reminder: please respond immediately, User ID: #564433 ?¢ö....",1
New sign-in from Chrome OS,0
husband helps wife Lose 76 Pounds [BVAHE 8BJES] GCPVI,1
=?windows-1252?Q?Modern_Warfare=92s_FREE_OPEN_Beta_is_LIVE!?=,1
ProtectYourIRAByInvestingInGold [GCNOP 982106] satlgvz,1
Help us keep your Blizzard Account safe with a security check,0
=?UTF-8?Q?=F0=9F=A5=84_These_points_are_extra_hot?=,0
ROLL20: Conclusion of 2018 Data Breach Investigation,0
"New Champion: Inara, the Stone Warden is Here!",0
=?UTF-8?B?4pm777iP?= Boy Scouts Abuse Lawsuit|Free Case Evaluation=?UTF-8?B?4pm777iP?=,1
Help us keep your Battle.net Account safe with a security check,0
"Fresh new Rewards have arrived, Secondary Username!",0
FoodBannedInEurope100%LegalInUSA [EDAIW 406859] hmoicxl,1
Get ready for Infinite Warfare,0
 ?ƒÄèWalmart?« -[ Reminder N??3]- We've been trying to reach you several times ?ƒÄü! ,1
=?UTF-8?B?8J+Siw==?=Username Better Sex with This =?UTF-8?B?8J+Siw==?=,1
Get Double Weapon XP to celebrate the Awakening DLC,0
=?UTF-8?B?QWN0aXZhdGUgeW91ciBjaGlsZCdzIENsdWIgUGVuZ3VpbiBBY2M=?=  =?UTF-8?B?b3VudA==?=,1
Your Xbox Live Rewards February statement is here.,0
Battle.net Account Verification,0
"Greetings , the Paladins Console Team Needs Your Feedback",0
Your Order From Blizzard - #XXXXXXXXX - Placed on Jul XX 20XX,0
New sign-in from Chrome OS,0
Account Security Alert,0
=?windows-1252?Q?Play_New_Modern_Warfare=AE_Multiplayer:_Free!?=,0
unsub,0
Select the sweetest treat for points,0
Your Order From Blizzard - #517684016 - Placed on Jul 17 2019,0
See How You Can Slash Your Electric Bill [FO0A:65210],1
=?UTF-8?B?8J+YmA==?=Username Single guys: make any girl want to sleep with you (free video) =?UTF-8?B?8J+YmA==?=,1
19 Discounts Seniors Didnt Know They Could Get [ROHEP D9C81] 19670,1
19 amazingly affordable gadgets [3ah8tnyer]CKIXY,1
Nuk3town Weekend is Happening Now,0
"Watch the New ""Ship Assault"" Campaign Gameplay",0
Help us keep your Blizzard Account safe with a security check,0
Help us keep your Blizzard Account safe with a security check,0
Help us protect you: Security advice from Google,0
=?UTF-8?Q?=F0=9F=8E=89_Congrats!_Unwrap_your_free_holiday_play.?=,1
Security alert for your linked Google account,0
=?UTF-8?B?8J+PoQ==?= Gutter guards can protect your home. Save now!=?UTF-8?B?8J+PoQ==?=,1
 'From: To: Reply-To: Message-Id: List-Unsubscribe: Date:,1
A note of encouragement from Glen,1
 =?UTF-8?B?4pyU77iP?=Get gutter guards and leave your ladder in the garage. Save now =?UTF-8?B?4pyU77iP?=,1
New sign-in from Chrome OS,0
PersOnalizedChristmasOrNaments [ctszl:TCBEX] 49328,0
Security alert,0
=?windows-1252?Q?Welcome_to_Modern_Warfare=92s_Special_Ops?=,0
=?UTF-8?B?8J+Siw==?=Username Better Sex with This =?UTF-8?B?8J+Siw==?=,1
"Lex, the Hand of Justice, Enters the Realm in OB46",0
Boy Scouts Abuse Lawsuit Information: Potential Compensation,1
Help us protect you: Security advice from Google,0
unsubscribe,0
The Infinite Warfare Beta: Get Ready for Classic FPS Combat,0
"The FREEdom is REAL, Secondary Username!",0
Security alert,0
It's DEPOSIT DAY! Your new missions are waiting!,0
Make Rewards your mission this month,0
=?UTF-8?Q?=F0=9F=98=B1_Scary-good_points_inside?=,1
"Ready to fall in love with Rewards, Secondary Username?",0
Here's an update on your Rewards,0
You Have (1) New T-Mobile Survey Reward Ready to Claim,1
Watch the Modern Warfare Remastered Campaign Trailer,0
=?UTF-8?B?V2XigJlyZSBnaXZpbmcgYXdheSBvdmVyICQ1MDAsMDAwIGluIHBy?= =?UTF-8?B?aXplcyBqdXN0IGZvciBwbGF5aW5nLCBTdHJhaXRCb290OTYyNCE=?=,1
Declassified Military Technology Creates Survival Breakthrough Now 50% Off [GCDPQT5ihoa],1
- -Welcome to Provide Auto INsuRance... uG,1
GraBYour 100PercentFREE TacticalFlashlightNowOnlyPayShipping [MQVKB 871024] kqtwdzs,1
"Get ready to meet the new and improved Xbox Live Rewards, Secondary Username!",0
Nintendo Customer Satisfaction Survey,0
Shop Medicare this Open Enrollment. [SID:afioq-4083792],0
Learn more about our updated Terms of Service,0
=?UTF-8?B?RG9uJ3Qgc2hvcCwganVzdCBkcm9wIOKApiBpbnRvIEJsYWNrb3V0?=,0
Microsoft account security alert,0
Security alert for your linked Google Account,0
 We Have Been Trying To Reach You- Username: Please respond!,1
=?UTF-8?Q?=E2=9B=B0_50_points_wait_at_the_top?=,0
"Give yourself the gift of Rewards, Secondary Username!",0
"Ready to take the lead, Secondary Username?",0
New sign-in from Chrome OS,0
Starting your online gaming with Roll20.net!,0
New sign-in from Chrome on Windows,0
Save $20 on the Legacy Edition,0
Blackout Trial is LIVE,0
"=?utf-8?Q?Here=E2=80=99s_to_a_rewarding_new_year,_Secondary Username!?=",0
=?UTF-8?B?V2UgdGhpbmsgeW914oCZbGwgZW5qb3kgdGhpcywgU3RyYWl0Qm9vdDk2MjQh?=,1
"Careful, these points might bite",0
"Username: Your 2O2O Transunion, Equifax and Experian Credit-Scores ,11/18/2020",1
Security alert,0
"CONFIRM YOUR ""UNSUBSCIBE"" PLEASE Username.",1
"Careful, these points are tricky",0
"The season of earning is upon us, Secondary Username!",0
Suspected bot,0
Security alert for your linked Google Account,0
Watch the fourth annual Game4Paul livestream,0
Scientists: Tinnitus Has Nothing To Do With Your Ears [WTK17458029630291574863]RJA,1
Why Metformin Makes You Sick [RKABH 593086] ikelcgt,1
=?UTF-8?B?8J+Siw==?= Better Sex with This,1
=?UTF-8?Q?=F0=9F=8F=8D=EF=B8=8F_Hop_on=E2=80=94here_are_50_points.?=,0
=?UTF-8?B?SGVyZeKAmXMgc29tZXRoaW5nIHRvIGJlIHRoYQ==?= =?UTF-8?B?bmtmdWwgZm9yLCBTdHJhaXRCb290OTYyNCE=?=,1
"Is Snow in your forecast, Secondary Username?",0
"=?utf-8?Q?Don=E2=80=99t_miss_these_Rewards,_Secondary Username!?=",0
=?UTF-8?Q?=F0=9F=8D=AD_Our_treat_to_you?=,0
"=?UTF-8?Q?=E2=9D=87_Rewards_member,_we're_so_glad_to_hav?=",0
View Health plans and price quotes in your area [SONLIQ:7095682]IFEK,1
Security alert,0
Watch the Terminal Bonus Map Trailer,0
Blizzard Account Verification,0
Security alert for your linked Google account,0
Your Black Ops 3 Stats + Double XP Weekend,0
"Fall into new missions, Secondary Username!",0
Help us keep your Battle.net Account safe with a security check,0
please take a look,1
Play All 3 Infinite Warfare Modes for Free,0
Go Behind-the-Scenes with Infinity Ward,0
=?UTF-8?B?8J+Siw==?=Username Better Sex with This =?UTF-8?B?8J+Siw==?=,1
"FINAL REMINDER: Redeem your MyVIP Gems now, Secondary Username!",0
Hurry2020 Prices Increase Soon [EYGJS 986534] aqxbhop,1
FREE Black Ops 4 Comics,0
A BRAND NEW WAY to earn for the hottest movies and TV shows,0
"New Patch, New Champions. Now on Console!",0
Battle.net Account - Contact Information Updated,0
Veteran Reverses Tinnitus With 1Trick [lgpbh:ID_IAR],1
Account Security Alert,0
"These Rewards are almost too hot to handle, Secondary Username!",0
Willkommen! Here are 50 points.,0
Security alert,0
: Account Creation Successful! Welcome to Hi-Rez!,0
Join this safari for 50 points,0
"New Assault Rifle, Melee Weapons, and More in Black Ops 3",0
Obscure oilBanishes stubbornBelly Fat [PWZM:id_wmrl]8015,1
Blizzard Account Verification,0
Security alert for your linked Google account,0
"Spring forward to Rewards, Secondary Username!",0
"We know you love Rewards, Secondary Username!",0
Help us protect you: Security advice from Google,0
Welcome to PokeHeroes!,0
=?UTF-8?B?RG9u4oCZdCB5b3UgZGVzZXJ2ZSBhIFJld2FyZCwgU3RyYWl0Qm9vdDk2MjQ/?=,1
Battle.net Account Verification,0
Battle.net Account Verification,0
New sign-in from Chrome on Windows,0
=?utf-8?B?VGhpcyBXZWVrZW5kIE9ubHk6IEZyZWUgTXVsdGlwbGF5ZXIhIA==?=,0
Security alert,0
=?UTF-8?B?8J+YmA==?=Username Single guys: make any girl want to sleep with you (free video) =?UTF-8?B?8J+YmA==?=,1
Here's an update on your Rewards,0
Battle.net Account Email Verification - Action Required,0
Security alert,0
